{"cameraMode":{"drawMode":0,"name":"Shaded","section":"Shading Mode"},"sceneLighting":false,"audioPlay":false,"sceneViewState":{"showFog":true,"showMaterialUpdate":false,"showSkybox":false,"showFlares":true,"showImageEffects":true,"showParticleSystems":true},"in2DMode":false,"pivot":{"x":-165.6699981689453,"y":28.134368896484376,"z":-148.68795776367188},"rotation":{"x":0.4258435368537903,"y":0.42071083188056948,"z":-0.2338791787624359,"w":0.7661765217781067},"size":190.27056884765626,"orthographic":false}