{"cameraMode":{"drawMode":0,"name":"Shaded","section":"Shading Mode"},"sceneLighting":false,"audioPlay":false,"sceneViewState":{"showFog":true,"showMaterialUpdate":false,"showSkybox":false,"showFlares":true,"showImageEffects":true,"showParticleSystems":true},"in2DMode":false,"pivot":{"x":0.7394388914108276,"y":0.7790530920028687,"z":-2.553960084915161},"rotation":{"x":-0.03736303001642227,"y":-0.9573817253112793,"z":0.1416708081960678,"w":-0.2500874400138855},"size":5.055683612823486,"orthographic":false}