{"cameraMode":{"drawMode":0,"name":"Shaded","section":"Shading Mode"},"sceneLighting":false,"audioPlay":false,"sceneViewState":{"showFog":true,"showMaterialUpdate":false,"showSkybox":false,"showFlares":true,"showImageEffects":true,"showParticleSystems":true},"in2DMode":false,"pivot":{"x":-46.89280700683594,"y":-0.3018157482147217,"z":-10.112581253051758},"rotation":{"x":-0.00932236947119236,"y":0.9891887307167053,"z":-0.127120703458786,"w":-0.07253646850585938},"size":10.057379722595215,"orthographic":false}