{"cameraMode":{"drawMode":0,"name":"Shaded","section":"Shading Mode"},"sceneLighting":false,"audioPlay":false,"sceneViewState":{"showFog":true,"showMaterialUpdate":false,"showSkybox":false,"showFlares":true,"showImageEffects":true,"showParticleSystems":true},"in2DMode":false,"pivot":{"x":-106.04612731933594,"y":4.36537504196167,"z":-7.2657928466796879},"rotation":{"x":-0.00932236947119236,"y":0.9891887307167053,"z":-0.127120703458786,"w":-0.07253646850585938},"size":21.666719436645509,"orthographic":false}