{"cameraMode":{"drawMode":0,"name":"Shaded","section":"Shading Mode"},"sceneLighting":false,"audioPlay":false,"sceneViewState":{"showFog":true,"showMaterialUpdate":false,"showSkybox":false,"showFlares":true,"showImageEffects":true,"showParticleSystems":true},"in2DMode":false,"pivot":{"x":-28.09893798828125,"y":2.3013498783111574,"z":-136.3358154296875},"rotation":{"x":-0.17501690983772279,"y":-0.0027732905000448229,"z":0.0005913546192459762,"w":-0.9852201342582703},"size":52.415618896484378,"orthographic":false}