{"cameraMode":{"drawMode":0,"name":"Shaded","section":"Shading Mode"},"sceneLighting":false,"audioPlay":false,"sceneViewState":{"showFog":true,"showMaterialUpdate":false,"showSkybox":false,"showFlares":true,"showImageEffects":true,"showParticleSystems":true},"in2DMode":false,"pivot":{"x":-4.376182556152344,"y":36.0,"z":-4.395782470703125},"rotation":{"x":0.007419697940349579,"y":0.9371559619903565,"z":-0.3482719361782074,"w":0.01996532268822193},"size":951.3888549804688,"orthographic":false}