{"cameraMode":{"drawMode":0,"name":"Shaded","section":"Shading Mode"},"sceneLighting":false,"audioPlay":false,"sceneViewState":{"showFog":true,"showMaterialUpdate":false,"showSkybox":false,"showFlares":true,"showImageEffects":true,"showParticleSystems":true},"in2DMode":false,"pivot":{"x":93.33329010009766,"y":-5.719297409057617,"z":104.02375793457031},"rotation":{"x":-0.11065121740102768,"y":0.6964026689529419,"z":-0.10964545607566834,"w":-0.7014744877815247},"size":163.1507110595703,"orthographic":false}