{"cameraMode":{"drawMode":0,"name":"Shaded","section":"Shading Mode"},"sceneLighting":false,"audioPlay":false,"sceneViewState":{"showFog":true,"showMaterialUpdate":false,"showSkybox":false,"showFlares":true,"showImageEffects":true,"showParticleSystems":true},"in2DMode":false,"pivot":{"x":8.361211776733399,"y":0.797907829284668,"z":-19.12595558166504},"rotation":{"x":-0.02517090179026127,"y":-0.03748545050621033,"z":-0.0009397330577485263,"w":0.9990137219429016},"size":22.0,"orthographic":true}