{"cameraMode":{"drawMode":0,"name":"Shaded","section":"Shading Mode"},"sceneLighting":true,"audioPlay":false,"sceneViewState":{"showFog":true,"showMaterialUpdate":false,"showSkybox":true,"showFlares":true,"showImageEffects":true,"showParticleSystems":true},"in2DMode":false,"pivot":{"x":-4.055065155029297,"y":64.08590698242188,"z":12.21805191040039},"rotation":{"x":-0.05524194613099098,"y":0.8906025290489197,"z":-0.43716174364089968,"w":-0.11254128813743592},"size":9.464735984802246,"orthographic":false}